{"cameraMode":{"drawMode":0,"name":"Shaded","section":"Shading Mode"},"sceneLighting":false,"audioPlay":false,"sceneViewState":{"showFog":true,"showMaterialUpdate":false,"showSkybox":false,"showFlares":true,"showImageEffects":true,"showParticleSystems":true},"in2DMode":false,"pivot":{"x":0.0,"y":7.6414031982421879,"z":1.1341876983642579},"rotation":{"x":0.3970200717449188,"y":-0.049524106085300449,"z":0.021459680050611497,"w":0.9162235856056213},"size":65.2968521118164,"orthographic":true}