{"cameraMode":{"drawMode":0,"name":"Shaded","section":"Shading Mode"},"sceneLighting":false,"audioPlay":false,"sceneViewState":{"showFog":true,"showMaterialUpdate":false,"showSkybox":false,"showFlares":true,"showImageEffects":true,"showParticleSystems":true},"in2DMode":false,"pivot":{"x":1.9689536094665528,"y":-66.52437591552735,"z":61.10470199584961},"rotation":{"x":0.43027275800704958,"y":-0.018953649327158929,"z":0.00903766043484211,"w":0.9024593830108643},"size":165.16358947753907,"orthographic":false}