{"cameraMode":{"drawMode":0,"name":"Shaded","section":"Shading Mode"},"sceneLighting":false,"audioPlay":false,"sceneViewState":{"showFog":true,"showMaterialUpdate":false,"showSkybox":false,"showFlares":true,"showImageEffects":true,"showParticleSystems":true},"in2DMode":false,"pivot":{"x":1.783846139907837,"y":0.7298883199691773,"z":-0.011607229709625245},"rotation":{"x":-0.0448383167386055,"y":0.5188109278678894,"z":0.02726258896291256,"w":0.8532779812812805},"size":2.920884609222412,"orthographic":false}