{"cameraMode":{"drawMode":0,"name":"Shaded","section":"Shading Mode"},"sceneLighting":true,"audioPlay":false,"sceneViewState":{"showFog":true,"showMaterialUpdate":false,"showSkybox":false,"showFlares":true,"showImageEffects":true,"showParticleSystems":true},"in2DMode":false,"pivot":{"x":1.2210824489593506,"y":0.25460004806518557,"z":-2.075371265411377},"rotation":{"x":0.02976864203810692,"y":0.9535345435142517,"z":-0.10049083083868027,"w":0.28247103095054629},"size":7.983780860900879,"orthographic":false}