{"cameraMode":{"drawMode":0,"name":"Shaded","section":"Shading Mode"},"sceneLighting":false,"audioPlay":false,"sceneViewState":{"showFog":true,"showMaterialUpdate":false,"showSkybox":false,"showFlares":true,"showImageEffects":true,"showParticleSystems":true},"in2DMode":false,"pivot":{"x":0.0,"y":0.05680406093597412,"z":-231.0070037841797},"rotation":{"x":0.5663871169090271,"y":-0.08004516363143921,"z":0.05539848282933235,"w":0.8183714747428894},"size":9.518383979797364,"orthographic":true}