{"cameraMode":{"drawMode":0,"name":"Shaded","section":"Shading Mode"},"sceneLighting":false,"audioPlay":false,"sceneViewState":{"showFog":true,"showMaterialUpdate":false,"showSkybox":false,"showFlares":true,"showImageEffects":true,"showParticleSystems":true},"in2DMode":false,"pivot":{"x":0.5555005669593811,"y":-0.10966825485229492,"z":0.5831794738769531},"rotation":{"x":0.0018402819987386466,"y":0.9923334121704102,"z":-0.12267632782459259,"w":0.014886117540299893},"size":32.381683349609378,"orthographic":false}