{"cameraMode":{"drawMode":0,"name":"Shaded","section":"Shading Mode"},"sceneLighting":false,"audioPlay":false,"sceneViewState":{"showFog":true,"showMaterialUpdate":false,"showSkybox":false,"showFlares":true,"showImageEffects":true,"showParticleSystems":true},"in2DMode":false,"pivot":{"x":-0.41885143518447878,"y":0.454345166683197,"z":0.12036943435668946},"rotation":{"x":0.07131951302289963,"y":-0.022440806031227113,"z":0.0016049353871494532,"w":0.9972010850906372},"size":5.849133491516113,"orthographic":false}